{
  "project_info": {
    "project_number": "203856174749",
    "project_id": "tomsk-state-university-h-n",
    "storage_bucket": "tomsk-state-university-h-n.appspot.com"
  },
  "client": [
    {
      "client_info": {
        "mobilesdk_app_id": "1:203856174749:android:b61fc0dc40f465e033be74",
        "android_client_info": {
          "package_name": "com.example.tsuhelp_navigate"
        }
      },
      "oauth_client": [
        {
          "client_id": "203856174749-83hbsd1go3sbqadqqbo1ujoq27ql1mii.apps.googleusercontent.com",
          "client_type": 3
        }
      ],
      "api_key": [
        {
          "current_key": "AIzaSyAYnGot4uRIdEkArhLdmaI-_Dbpq8p66mk"
        }
      ],
      "services": {
        "appinvite_service": {
          "other_platform_oauth_client": [
            {
              "client_id": "203856174749-83hbsd1go3sbqadqqbo1ujoq27ql1mii.apps.googleusercontent.com",
              "client_type": 3
            }
          ]
        }
      }
    }
  ],
  "configuration_version": "1"
}